{
  "-KSeaDBAD9g1SCSDJ2nJ" : {
    "-KSeaEQ3QqF8cyRA1J5u" : {
      ".priority" : 1474962192374,
      "message" : "hi there",
      "name" : "AnonymoushTJXh2OX",
      "timestamp" : 1474962192374,
      "type" : "default",
      "userId" : "uTVpq1f3SthTJXh2OXZjqzcM2Ep2"
    },
    "-KSeaWUjxlYt79MUYe3p" : {
      ".priority" : 1474962266402,
      "message" : "I am here",
      "name" : "AnonymoushTJXh2OX",
      "timestamp" : 1474962266402,
      "type" : "default",
      "userId" : "uTVpq1f3SthTJXh2OXZjqzcM2Ep2"
    }
  },
  "-KSeaZyr45gYfatvjeEG" : {
    "-KSeaafWO0-kdCCvQUPv" : {
      ".priority" : 1474962287631,
      "message" : "hi another",
      "name" : "AnonymoushTJXh2OX",
      "timestamp" : 1474962287631,
      "type" : "default",
      "userId" : "uTVpq1f3SthTJXh2OXZjqzcM2Ep2"
    },
    "-KSf8JPCjvgCs4RullCm" : {
      ".priority" : 1474971387920,
      "message" : "sdfsdf",
      "name" : "AnonymoushTJXh2OX",
      "timestamp" : 1474971387920,
      "type" : "default",
      "userId" : "uTVpq1f3SthTJXh2OXZjqzcM2Ep2"
    }
  }
}
